ox_mass_profile,ox_lateral_damping_ratios,ox_axial_damping_ratios,fu_mass_profile,fu_lateral_damping_ratios,fu_axial_damping_ratios
0.1,0.0359923768162184,0.0260014478361425,0.1,0.053550808901384,0.0459411368119311
0.179899497487437,0.0379628222226263,0.0123696850814086,0.164824120603015,0.055456638012941,0.0242689341540672
0.259798994974874,0.0402540962099035,0.00770949948766304,0.22964824120603,0.0579353559143071,0.015727408645088
0.339698492462312,0.042702586885798,0.00541816364005679,0.294472361809045,0.0606943403673419,0.0112510313736163
0.419597989949749,0.0452473441282904,0.00407382424230019,0.35929648241206,0.0636169121858221,0.00852897403355652
0.499497487437186,0.0478546974997886,0.00805148324736786,0.424120603015075,0.0666393471493396,0.0244925184976152
0.579396984924623,0.0505014114653045,0.0319003900772137,0.48894472361809,0.0697193636876591,0.0580741520070067
0.65929648241206,0.0531692119096496,0.0567153988347113,0.553768844221106,0.0728251664330539,0.0937903515008023
0.739195979899497,0.0558425955081279,0.0822482545982835,0.618592964824121,0.0759308992693398,0.130565175274554
0.819095477386935,0.0585078401072832,0.108234717743199,0.683417085427136,0.0790145352627092,0.16787075170646
0.898994974874372,0.0611525362391729,0.13487302767711,0.748241206030151,0.0820568250351866,0.174092883724271
0.978894472361809,0.063765373335772,0.141510403113719,0.813065326633166,0.0849859455246174,0.161385733598286
1.05879396984925,0.066336055408207,0.131579379925212,0.877889447236181,0.0877431036647032,0.149687559865467
1.13869346733668,0.06884826920915,0.122403479672427,0.942713567839196,0.0904179313955552,0.138992865080424
1.21859296482412,0.0712593346617815,0.114376980628952,1.00753768844221,0.0929980634426832,0.130016416100486
1.29849246231156,0.0736045198412109,0.107666026607116,1.07236180904523,0.0954728334375933,0.110086190840856
1.378391959799,0.075877190288903,0.102443835697996,1.13718592964824,0.0978331795767237,0.128238614869745
1.45829145728643,0.078071585349954,0.111501968335975,1.20201005025126,0.100071564467012,0.166923392678583
1.53819095477387,0.0801827340077378,0.140243560991384,1.26683417085427,0.102181904601616,0.203229069182625
1.61809045226131,0.0822063759792087,0.16600253681665,1.33165829145729,0.104159507050998,0.237512042571006
1.69798994974874,0.0841389015643133,0.189815691379911,1.3964824120603,0.106001010759583,0.270484649912942
1.77788944723618,0.085977318312772,0.21251715822774,1.46130653266332,0.107704328763083,0.266886963023817
1.85778894472362,0.0877192446024138,0.235209517075154,1.52613065326633,0.109268586859091,0.248251152908263
1.93768844221106,0.0893629223491929,0.225736226598382,1.59095477386935,0.110717868330547,0.230643803143865
2.01758793969849,0.0909072357074444,0.210778500143609,1.65577889447236,0.112156921828631,0.214116615813918
2.09748743718593,0.0923517212818957,0.196768451036276,1.72060301507538,0.1134592096228,0.200372428186138
2.17738693467337,0.0936965582718081,0.184381354168898,1.78542713567839,0.11462810450525,0.168448293293228
2.2572864321608,0.0949441198638481,0.173909345146739,1.85025125628141,0.115667722075873,0.186562922831626
2.33718592964824,0.0961398749157171,0.161313934835895,1.91507537688442,0.116582815641521,0.220282079574398
2.41708542713568,0.0972394580618343,0.179548251212789,1.97989949748744,0.117378673165641,0.251952172284589
2.49698492462312,0.0982451171495047,0.203568932604426,2.04472361809045,0.11806101922685,0.281388029524447
2.57688442211055,0.0991594168818159,0.224137585209311,2.10954773869347,0.118635923308084,0.309808188097597
2.65678391959799,0.0999851834506534,0.242896639990073,2.17437185929648,0.11910971426549,0.297637126150773
2.73668341708543,0.100725468048099,0.261077131639038,2.2391959798995,0.119488899949879,0.275330449088705
2.81658291457286,0.101383526693245,0.273690688857232,2.30402010050251,0.119780090851037,0.254710283018982
2.8964824120603,0.101962809437551,0.254967135280224,2.36884422110553,0.119989927203067,0.235615527906127
2.97638190954774,0.102466950093566,0.2368031161549,2.43366834170854,0.120125009910549,0.219853014459324
3.05628140703518,0.102899748512328,0.220275707586672,2.49849246231156,0.120191836532664,0.182701958030099
3.13618090452261,0.103265140613843,0.205877062366321,2.56331658291457,0.120196744058142,0.204846300387197
3.21608040201005,0.10356715572773,0.193854267424496,2.62814070351759,0.120145860146677,0.236639049534852
3.29597989949749,0.10380986496385,0.180060871571481,2.6929648241206,0.120045063933456,0.26643833964546
3.37587939698492,0.103997327124072,0.20579535266086,2.75778894472362,0.119899956593129,0.294207582859175
3.45577889447236,0.10413353941188,0.226787739750193,2.82261306532663,0.119715840922236,0.32131607974109
3.5356783919598,0.104222398871606,0.244929579870274,2.88743718592965,0.119497708492562,0.303553990181558
3.61557788944724,0.104267677657616,0.26173176474438,2.95226130653266,0.119250232620141,0.280309697329178
3.69547738693467,0.104273011828134,0.27844082817401,3.01708542713568,0.118977765513308,0.259022894802379
3.77537688442211,0.104241900378579,0.278440639317202,3.08190954773869,0.118684338404367,0.239294554006237
3.85527638190955,0.104177709455844,0.258538274693825,3.14673366834171,0.118373664046958,0.223116473718601
3.93517587939699,0.104083676491838,0.239742670290697,3.21155778894472,0.118070722421676,0.183477129170936
4.01507537688442,0.103962910248312,0.222911221404666,3.27638190954774,0.117763407884839,0.210962454838195
4.09497487437186,0.103818384965201,0.208357994792288,3.34120603015075,0.117448090169949,0.241992475641854
4.1748743718593,0.103652929230291,0.196596464963496,3.40603015075377,0.117127286090327,0.271477454121877
4.25477386934673,0.103469212134055,0.193835389144808,3.47085427135678,0.116803243040078,0.298769452233673
4.33467336683417,0.103269730249025,0.217272053449367,3.5356783919598,0.116477955846439,0.325615968341731
4.41457286432161,0.103056798813984,0.236624073251839,3.60050251256281,0.116153184558452,0.303134568561541
4.49447236180904,0.10283254937985,0.253691085911349,3.66532663316583,0.115830472314984,0.279873527158692
4.57437185929648,0.102606069468891,0.269941074497701,3.73015075376884,0.115511162592256,0.258421863929355
4.65427135678392,0.102373614228699,0.286509499903761,3.79497487437186,0.115196415408128,0.238766185443943
4.73417085427136,0.102135195792835,0.274807575238134,3.85979899497487,0.114887222368274,0.220320633537194
4.81407035175879,0.101892306167592,0.254795872701876,3.92462311557789,0.114584420690602,0.181185276601299
4.89396984924623,0.10164631111531,0.236325657459016,3.9894472361809,0.114288706479438,0.21472310723415
4.97386934673367,0.101398459718658,0.219910649167917,4.05427135678392,0.11400064752383,0.245459914233149
5.05376884422111,0.101149890019423,0.205948333180248,4.11909547738694,0.113720695790187,0.27427521351606
5.13366834170854,0.100901631496355,0.191957910125312,4.18391959798995,0.113449199622278,0.301496448839485
5.21356783919598,0.100654605951589,0.202525804933734,4.24874371859296,0.113186415512957,0.325339199491154
5.29346733668342,0.100409628635559,0.224471344948678,4.31356783919598,0.112932519221375,0.301406104387031
5.37336683417085,0.100167411152622,0.242899110102813,4.37839195979899,0.112687616000962,0.278163792397844
5.45326633165829,0.0999285670000889,0.259518121915254,4.44321608040201,0.112451749771689,0.257054382207839
5.53316582914573,0.0996936197391051,0.275595099411555,4.50804020100503,0.11222491118636,0.237475551156056
5.61306532663317,0.0994630130302544,0.289515747176918,4.57286432160804,0.112007044664657,0.216816062684031
5.6929648241206,0.0992371212891463,0.269164193220728,4.63768844221106,0.111798054562865,0.180238194107812
5.77286432160804,0.0990162596256166,0.249449684123609,4.70251256281407,0.11159781068797,0.217778483231278
5.85276381909548,0.098800692006213,0.231454804973263,4.76733668341709,0.111406973577559,0.248044747876813
5.93266331658291,0.0985906371069589,0.21573583028853,4.8321608040201,0.111225850926608,0.276928184821972
6.01256281407035,0.0983862719304848,0.202562638565318,4.89698492462312,0.111052924960224,0.303862947237872
6.09246231155779,0.0981877337753719,0.184148334543896,4.96180904522613,0.110887974688475,0.323395249808463
6.17236180904523,0.0979951214389745,0.20995855786109,5.02663316582915,0.110730766643244,0.299415253080991
6.25226130653266,0.0978084965562134,0.230539930191285,5.09145728643216,0.110581058185206,0.276350578688781
6.3321608040201,0.097627885753898,0.248242566280434,5.15628140703518,0.110438600319977,0.255205504051794
6.41206030150754,0.0974532839232071,0.264578210013595,5.22110552763819,0.110303140026596,0.236070118954372
6.49195979899497,0.0972846585024287,0.280721254853634,5.28592964824121,0.110174422151633,0.213224489960813
6.57185929648241,0.0971219543326531,0.283486701038539,5.35075376884422,0.110052190958275,0.184112934268415
6.65175879396985,0.0969650984800107,0.263133478977695,5.41557788944724,0.109936191432041,0.220367398982597
6.73165829145729,0.0968140044359149,0.24384835719173,5.48040201005025,0.109826170432372,0.250589106447733
6.81155778894472,0.0966689732045265,0.226497521192838,5.54522613065327,0.109721877748738,0.279270775695286
6.89145728643216,0.0965297700756836,0.211531354040516,5.61005025125628,0.109623067082566,0.306183095462445
6.9713567839196,0.0963960135856486,0.19922140438262,5.6748743718593,0.109529496943769,0.321372212876659
7.05125628140703,0.0962675838005197,0.192924786554219,5.73969849246231,0.109440931431915,0.29734841012468
7.13115577889447,0.0961443536579622,0.21674700621042,5.80452261306533,0.109357140870149,0.274467014071127
7.21105527638191,0.0960261891856742,0.236210410222965,5.86934673366834,0.109277902272834,0.253501284587598
7.29095477386935,0.0959129501704914,0.253376526434471,5.93417085427136,0.109202999649012,0.234665912733623
7.37085427135678,0.0958044913624068,0.269486213460199,5.99899497487437,0.109132224165187,0.209665982154456
7.45075376884422,0.0957006641101407,0.285840758249059,6.06381909547739,0.10906537420572,0.187736253398224
7.53065326633166,0.0956013181903648,0.277295077476562,6.1286432160804,0.1090022553733,0.223185129257424
7.6105527638191,0.0955063035408081,0.25713066103481,6.19346733668342,0.108942680465498,0.253209136155111
7.69045226130653,0.0954154716421431,0.238357015636224,6.25829145728643,0.108886469449372,0.281621218835124
7.77035175879397,0.0953286763949004,0.221691565931407,6.32311557788945,0.108833449439685,0.308466131804601
7.85025125628141,0.0952457744702104,0.207470361042597,6.38793969849246,0.10878345467243,0.319324217241872
7.93015075376884,0.0951666252372514,0.195187795600801,6.45276381909548,0.108736326457855,0.295317014391533
8.01005025125628,0.0950910904533929,0.200714161108772,6.51758793969849,0.108691913097083,0.272626878856385
8.08994974874372,0.0950190339277078,0.222960343958798,6.58241206030151,0.108650069752618,0.251748057334764
8.16984924623116,0.0949503213352534,0.241644793672922,6.64723618090452,0.108610658272611,0.233100998686121
8.24974874371859,0.0948848202842317,0.258333791469001,6.71206030150754,0.108573546978098,0.206162222595031
8.32964824120603,0.0948224006460134,0.274377160027037,6.77688442211055,0.108538610428653,0.191178095919173
8.40954773869347,0.094762935075634,0.291071902047213,6.84170854271357,0.108505729183427,0.225956658621389
8.4894472361809,0.0947062995984969,0.271081796249873,6.90653266331658,0.108474789571396,0.255805270057628
8.56934673366834,0.0946523741277797,0.25122236559814,6.9713567839196,0.108445683478431,0.284032800532171
8.64924623115578,0.0946010428044833,0.233069632283521,7.03618090452261,0.108418308151673,0.310757280611209
8.72914572864322,0.0945521941060568,0.217106390968651,7.10100502512563,0.108392566015922,0.31726543779932
8.80904522613065,0.0945057207322685,0.203680073417527,7.16582914572864,0.108368364493808,0.293287722723509
8.88894472361809,0.0944615193304304,0.185380032245269,7.23065326633166,0.108345615821857,0.270671953989796
8.96884422110553,0.0944194901529462,0.208189187159805,7.29547738693467,0.108324236857531,0.250005507492849
9.04874371859296,0.0943795367428745,0.229016137939513,7.36030150753769,0.10830414887668,0.231680566330226
9.1286432160804,0.0943415657204778,0.24688386684849,7.4251256281407,0.108285277364921,0.202716374179848
9.20854271356784,0.0943054867047432,0.263227674419081,7.48994974874372,0.108267551809111,0.194419327577888
9.28844221105528,0.0942712123609636,0.279332283152368,7.55477386934673,0.108250905495606,0.228335615277327
9.36834170854271,0.094238658530573,0.285291623028673,7.61959798994975,0.108235275320534,0.258107082887433
9.44824120603015,0.0942077443808444,0.26491663077977,7.68442211055276,0.108220601614537,0.286316606919389
9.52814070351759,0.0941783925127746,0.245488993778082,7.74924623115578,0.108206827981411,0.313059445150412
9.60804020100502,0.094150528982932,0.22799147388624,7.81407035175879,0.108193901147613,0.315189412295609
9.68793969849246,0.0941240832225037,0.212791233483559,7.87889447236181,0.108181770818545,0.291266532685644
9.7678391959799,0.0940989878656057,0.200174053193866,7.94371859296482,0.108170389537762,0.268917896108938
9.84773869346734,0.09407517852117,0.190697918268871,8.00854271356784,0.108159712546738,0.248298835622474
9.92763819095477,0.0940525935332109,0.214780459672031,8.07336683417086,0.108149697644715,0.230339819166311
10.0075376884422,0.0940311737716204,0.23469166314696,8.13819095477387,0.108140305049991,0.199328204488884
10.0874371859296,0.0940108624821641,0.251929065776773,8.20301507537688,0.108131497265103,0.197644399907362
10.1673366834171,0.0939916052049772,0.268103986922611,8.2678391959799,0.108123238948526,0.231117202392554
10.2472361809045,0.0939733497514661,0.284381540765428,8.33266331658291,0.108115496794837,0.260852828942064
10.327135678392,0.0939560462152804,0.279087341405008,8.39748743718593,0.108108239424069,0.288669600288699
10.4070351758794,0.0939396469871082,0.258840772237616,8.46231155778895,0.108101437279664,0.315356438765357
10.4869346733668,0.0939241067460226,0.23996284792673,8.52713567839196,0.108095062533447,0.313113585803563
10.5668341708543,0.0939093824101066,0.223116995916088,8.59195979899497,0.108089088995616,0.289237730342534
10.6467336683417,0.0938954330425385,0.208612924121722,8.65678391959799,0.108083492027936,0.267021443690501
10.7266331658291,0.0938822197222004,0.197066919000749,8.721608040201,0.108078248459012,0.246520707612872
10.8065326633166,0.0938697053967725,0.198572370227769,8.78643216080402,0.108073336501367,0.229073163348199
10.886432160804,0.0938578547392824,0.22132917234217,8.85125628140704,0.108068735670856,0.195996878311248
10.9663316582915,0.0938466340261345,0.240110578454343,8.91608040201005,0.108064426709378,0.20087007513461
11.0462311557789,0.0938360110472389,0.256920777593865,8.98090452261306,0.10806039151193,0.233589434148347
11.1261306532663,0.0938259550495463,0.272980594029204,9.04572864321608,0.1080566130587,0.263228185409591
11.2060301507538,0.0938164367067653,0.289562541191753,9.1105527638191,0.108053075352382,0.291008586358442
11.2859296482412,0.0938074276987508,0.272859333281688,9.17537688442211,0.108049763360307,0.317667326175401
11.3658291457286,0.093798901758736,0.252904337145955,9.24020100502513,0.108046662960587,0.31103870295755
11.4457286432161,0.0937908338197491,0.234546978464744,9.30502512562814,0.108043760891318,0.287251638676605
11.5256281407035,0.0937832000797158,0.218439516551024,9.36984924623115,0.108041044701988,0.265172134366971
11.605527638191,0.0937759779497158,0.204743348983253,9.43467336683417,0.108038502706553,0.244922131648505
11.6854271356784,0.093769145968545,0.188135239648885,9.49949748743719,0.108036123938057,0.227684720260863
11.7653266331658,0.0937626837279995,0.20618303488546,9.5643216080402,0.108033898104955,0.192721465275492
11.8452261306533,0.0937565718125778,0.227326952840213,9.62914572864322,0.108031815549563,0.204078722230709
11.9251256281407,0.0937507917530515,0.245343958190797,9.69396984924623,0.108029867209008,0.236257863555938
12.0050251256281,0.0937453259903578,0.26184170018634,9.75879396984925,0.108028044578937,0.265738985289921
12.0849246231156,0.0937401578449728,0.27790167229844,9.82361809045226,0.108026339341564,0.293328497087314
12.164824120603,0.0937352714872312,0.28705791559392,9.88844221105528,0.108024744296139,0.319987747043506
12.2447236180905,0.0937306519054664,0.266671763517647,9.95326633165829,0.108023252447369,0.308946886130934
12.3246231155779,0.0937262848706907,0.247116818325338,10.0180904522613,0.10802185721526,0.285295748067568
12.4045226130653,0.0937221568982225,0.22938094032353,10.0829145728643,0.108020552432263,0.263446712438301
12.4844221105528,0.0937182552077882,0.213967413427795,10.1477386934673,0.108019332317904,0.243193758847475
12.5643216080402,0.0937145676840337,0.201136631545707,10.2125628140704,0.108018191454695,0.226510773527572
12.6442211055276,0.0937110828391621,0.188210035939938,10.2773869346734,0.108017124765483,0.189501031085811
12.7241206030151,0.0937077897787766,0.213062656968815,10.3422110552764,0.108016127492287,0.207240474362973
12.8040201005025,0.0937046781712514,0.233066780808335,10.4070351758794,0.108015195176597,0.238864159124131
12.8839195979899,0.0937017382202894,0.250509223422298,10.4718592964824,0.108014323641025,0.268190141742792
12.9638190954774,0.0936989606399205,0.2667033930644,10.5366834170854,0.108013508972163,0.295612948952121
13.0437185929648,0.0936963366310718,0.28292651951511,10.6015075376884,0.108012747504475,0.322318453507427
13.1236180904523,0.0936938578589765,0.28086205337164,10.6663316582915,0.10801203580512,0.306880258548673
13.2035175879397,0.0936915164309604,0.260569158504168,10.7311557788945,0.1080113706596,0.28327593312074
13.2834170854271,0.0936893048744575,0.241489527016836,10.7959798994975,0.108010749058187,0.261608477990424
13.3633165829146,0.0936872161153661,0.22443443214762,10.8608040201005,0.108010168183115,0.241573135012685
13.443216080402,0.0936852434569982,0.209862296221676,10.9256281407035,0.10800962539652,0.225250994880026
13.5231155778894,0.0936833805599133,0.197911923000162,10.9904522613065,0.108009118229118,0.18633465364374
13.6030150753769,0.0936816214228553,0.196418120255033,11.0552763819095,0.108008644369589,0.210316312409769
13.6829145728643,0.093679960364899,0.219473791877918,11.1201005025126,0.108008201654647,0.24127847462542
13.7628140703518,0.0936783920087903,0.238592784818956,11.1849246231156,0.10800778805974,0.270682004418667
13.8427135678392,0.0936769112653645,0.255519449825681,11.2497487437186,0.108007401690329,0.297915401826926
13.9226130653266,0.093675513318882,0.271585005546242,11.3145728643216,0.108007040773713,0.324664748459722
14.0025125628141,0.0936741936131134,0.288065713541831,11.3793969849246,0.10800670365134,0.304798959829119
14.0824120603015,0.0936729478380457,0.274645457498685,11.4442211055276,0.108006388771586,0.281404272239179
14.1623115577889,0.0936717719171235,0.254587148526899,11.5090452261307,0.108006094682969,0.259817390670922
14.2422110552764,0.0936706619949961,0.236084574286572,11.5738693467337,0.108005820027769,0.240058652776641
14.3221105527638,0.0936696144257777,0.219702817153346,11.6386934673367,0.108005563536056,0.222797262655053
14.4020100502513,0.0936686257618432,0.205843664316543,11.7035175879397,0.108005324020068,0.183221425708515
14.4819095477387,0.0936676927431852,0.190930745812901,11.7683417085427,0.108005100368967,0.213240617336244
14.5618090452261,0.0936668122873427,0.204112046138988,11.8331658291457,0.108004891543914,0.244038204332856
14.6417085427136,0.0936659814798928,0.225502244397552,11.8979899497487,0.108004696573454,0.273032283354682
14.721608040201,0.0936651975654795,0.243920143693228,11.9628140703518,0.108004514549203,0.300229045491022
14.8015075376884,0.0936644579393393,0.260422616363497,12.0276381909548,0.108004344621801,0.326631770028743
14.8814070351759,0.0936637601392814,0.276488666709078,12.0924623115578,0.108004185997112,0.302712088426349
14.9613065326633,0.0936631018380808,0.28881705462785,12.1572864321608,0.108004037932679,0.279418899251737
15.0412060301508,0.0936624808362515,0.268432591049658,12.2221105527638,0.108003899734384,0.258065020643178
15.1211055276382,0.0936618950551743,0.248748541787396,12.2869346733668,0.108003770753332,0.238461772552748
15.2010050251256,0.0936613425305641,0.230893344009004,12.3517587939698,0.108003650382925,0.219071988053638
15.2809045226131,0.0936608214062667,0.215207295617782,12.4165829145729,0.108003538056127,0.180160455157722
15.3608040201005,0.0936603299283741,0.202156767886343,12.4814070351759,0.108003433242905,0.215819008066814
15.4407035175879,0.0936598664396535,0.185467177687218,12.5462311557789,0.108003335447825,0.2465520063089
15.5206030150754,0.0936594293742765,0.211143952518987,12.6110552763819,0.108003244207815,0.275466527193687
15.6005025125628,0.0936590172528368,0.231426032550338,12.6758793969849,0.108003159090064,0.302499768201774
15.6804020100503,0.0936586286776403,0.249050536622392,12.7407035175879,0.108003079690058,0.324628778111745
15.7603015075377,0.093658262328252,0.265322922311902,12.805527638191,0.108003005629743,0.300658541345393
15.8402010050251,0.0936579169572826,0.281475272694839,12.870351758794,0.108002936555801,0.277469801007773
15.9201005025126,0.0936575913864007,0.28263968842119,12.935175879397,0.108002872138047,0.256336777012591
16,0.093657284502556,0.262307742032218,13,0.108002812067918,0.236880360134273
